Number_scenarios;durations
1;0.7080001831054688
2;0.33899998664855957
3;0.3599998950958252
4;0.2890000343322754
5;0.25
6;0.3710000514984131
7;0.3860001564025879
8;0.309999942779541
