Number_scenarios;durations
1;0.6720001697540283
2;0.3249998092651367
3;0.2850000858306885
4;0.3409998416900635
5;0.24600005149841309
6;0.3619999885559082
7;0.3689999580383301
8;0.31599998474121094
